ticker,company,candidates,articles,sentences,articles_recount,sentences_recount,labeled_sentences,esg_sentences
HAR,CTCP Đầu tư Thương mại Bất động sản An Dương Thảo Điền,130,40,3789,40,3789,3789,2055
SHI,CTCP Quốc tế Sơn Hà,595,40,3376,40,3376,3376,1338
HT1,CTCP Xi Măng Vicem Hà Tiên,68,40,3090,40,3090,3090,547
SC5,CTCP Xây dựng Số 5,118,40,3051,40,3051,3051,1636
VCA,CTCP Thép VICASA,92,40,2971,40,2971,2971,1174
AGG,CTCP Đầu tư và Phát triển Bất động sản An Gia,462,40,2739,40,2739,2739,1355
LGL,CTCP Đầu tư và Phát triển Đô thị Long Giang,408,40,2726,40,2726,2726,1358
NVT,CTCP Bất động sản Du lịch Ninh Vân Bay,409,40,2713,40,2713,2713,1363
QCG,CTCP Quốc Cường Gia Lai,551,40,2712,40,2712,2712,658
CSM,CTCP Công nghiệp Cao su Miền Nam,126,40,2699,40,2699,2699,1369
BRC,CTCP Cao su Bến Thành,136,40,2671,40,2671,2671,1545
EVG,CTCP Tập đoàn EverLand,238,40,2371,40,2371,2371,383
DXS,CTCP Dịch vụ Bất động sản Đất Xanh,3130,40,2320,40,2320,2320,1079
TPC,CTCP Nhựa Tân Đại Hưng,139,40,2254,40,2254,2254,848
C32,CTCP Đầu tư và Xây dựng 3-2,101,40,2251,40,2251,2251,1074
KOS,CTCP KOSY,150,40,2205,40,2205,2205,496
CTI,CTCP Đầu tư Phát triển Cường Thuận IDICO,307,40,1938,40,1938,1938,670
TAL,CTCP Đầu tư Bất động sản Taseco,1240,40,1917,40,1917,1917,208
THG,CTCP Đầu tư và Xây dựng Tiền Giang,229,39,1914,39,1914,1914,1090
CCI,CTCP Đầu tư Phát triển Công nghiệp Thương mại Củ Chi,240,40,1909,40,1909,1909,755
SAM,CTCP SAM Holdings,151,40,1905,40,1905,1905,927
TEG,CTCP Trường Thành Energy Group,448,40,1902,40,1902,1902,1006
CCL,CTCP Đầu tư và Phát triển Đô thị Dầu khí Cửu Long,178,40,1894,40,1894,1894,1297
FIT,CTCP Tập đoàn F.I.T,534,40,1874,40,1874,1874,1013
OGC,CTCP Tập đoàn Đại Dương,475,40,1824,40,1824,1824,737
SGR,CTCP Tổng CTCP Địa ốc Sài Gòn,551,40,1814,40,1814,1814,473
GTA,CTCP Chế biến gỗ Thuận An,67,40,1800,40,1800,1800,1156
BCE,CTCP Xây dựng và Giao thông Bình Dương,126,40,1752,40,1752,1752,748
GVR,Tập đoàn Công nghiệp Cao su Việt Nam - CTCP,66,40,1752,40,1752,1752,1091
CRV,CTCP Tập đoàn Bất động sản CRV,137,40,1730,40,1730,1730,639
TCO,CTCP Janus Group,72,40,1711,40,1711,1711,341
DTT,CTCP Kỹ nghệ Đô Thành,114,40,1708,40,1708,1708,1174
SJS,CTCP SJ Group,85,40,1698,40,1698,1698,408
HQC,CTCP Tư vấn Thương mại Dịch vụ Địa Ốc Hoàng Quân,143,40,1689,40,1689,1689,542
FCM,CTCP Bê tông Phan Vũ Hà Nam,96,40,1680,40,1680,1680,772
REE,CTCP Cơ Điện Lạnh,1526,40,1665,40,1665,1665,748
DTA,CTCP Đệ Tam,154,40,1592,40,1592,1592,1120
NKG,CTCP Thép Nam Kim,241,40,1588,40,1588,1588,632
HDG,CTCP Tập đoàn Hà Đô,659,40,1578,40,1578,1578,901
HID,CTCP Halcom Việt Nam,108,40,1571,40,1571,1571,781
MDG,CTCP Miền Đông,238,40,1535,40,1535,1535,903
VCG,Tổng Công ty cổ phần Xuất nhập khẩu và Xây dựng Việt Nam,257,40,1524,40,1524,1524,722
PDR,CTCP Phát triển Bất động sản Phát Đạt,382,40,1514,40,1514,1514,685
ASM,CTCP Tập đoàn Sao Mai,372,40,1512,40,1512,1512,753
AAA,CTCP Nhựa An Phát Xanh,491,40,1507,40,1507,1507,762
LBM,CTCP Khoáng sản và Vật liệu Xây dựng Lâm Đồng,206,40,1474,40,1474,1474,714
COM,CTCP Vật tư - Xăng Dầu,83,40,1468,40,1468,1468,1063
TDH,CTCP Phát triển Nhà Thủ Đức,211,40,1455,40,1455,1455,670
CRE,CTCP Bất động sản Thế Kỷ,860,40,1446,40,1446,1446,932
TV2,CTCP Tư vấn Xây dựng Điện 2,315,40,1430,40,1430,1430,686
PLP,CTCP Sản xuất và Công nghệ Nhựa Pha Lê,158,40,1393,40,1393,1393,954
SCR,CTCP Địa ốc Sài Gòn Thương Tín,540,40,1384,40,1384,1384,865
LCG,CTCP Lizen,75,40,1382,40,1382,1382,308
DHA,CTCP Hóa An,172,40,1381,40,1381,1381,777
CTR,Tổng Công ty cổ phần Công trình Viettel,92,40,1380,40,1380,1380,757
BMP,CTCP Nhựa Bình Minh,172,40,1378,40,1378,1378,636
PHC,CTCP Xây dựng Phục Hưng Holdings,591,40,1355,40,1355,1355,662
KDH,CTCP Đầu tư và Kinh doanh Nhà Khang Điền,953,40,1349,40,1349,1349,560
SRF,CTCP SEAREFICO,114,39,1349,39,1349,1349,475
BTP,CTCP Nhiệt điện Bà Rịa,927,40,1336,40,1336,1336,936
HII,CTCP An Tiến Industries,109,40,1331,40,1331,1331,852
UIC,CTCP Đầu tư Phát triển Nhà và Đô thị IDICO,59,40,1328,40,1328,1328,504
ACG,CTCP Gỗ An Cường,52,40,1316,40,1316,1316,581
HPX,CTCP Đầu tư Hải Phát,303,40,1316,40,1316,1316,861
ADP,CTCP Sơn Á Đông,67,40,1297,40,1297,1297,899
VNE,Tổng Công ty cổ phần Xây dựng Điện Việt Nam,146,40,1282,40,1282,1282,666
KSB,CTCP Khoáng sản và Xây dựng Bình Dương,290,40,1278,40,1278,1278,546
HSG,CTCP Tập đoàn Hoa Sen,115,40,1275,40,1275,1275,408
KBC,Tổng Công ty Phát triển Đô thị Kinh Bắc - CTCP,1137,40,1271,40,1271,1271,583
VPH,CTCP Vạn Phát Hưng,545,40,1267,40,1267,1267,793
CII,CTCP Đầu tư Hạ tầng Kỹ thuật Thành phố Hồ Chí Minh,1992,40,1253,40,1253,1253,513
D2D,CTCP Phát triển Đô thị Công nghiệp số 2,137,40,1246,40,1246,1246,684
NTL,CTCP Phát triển Đô thị Từ Liêm,77,40,1236,40,1236,1236,639
VHM,CTCP Vinhomes,2839,40,1235,40,1235,1235,405
DIG,Tổng Công ty cổ phần Đầu tư Phát triển Xây dựng,381,40,1216,40,1216,1216,598
CKG,CTCP Tập đoàn CIC,448,39,1205,39,1205,1205,362
PC1,CTCP Tập Đoàn PC1,424,40,1197,40,1197,1197,308
C47,CTCP Xây dựng 47,458,40,1196,40,1196,1196,657
HUB,CTCP Xây lắp Thừa Thiên Huế,958,40,1162,40,1162,1162,603
APH,CTCP Tập đoàn An Phát Holdings,53,40,1154,40,1154,1154,442
HPG,CTCP Tập đoàn Hòa Phát,1001,40,1152,40,1152,1152,569
CDC,CTCP Chương Dương,810,40,1144,40,1144,1144,539
ACC,CTCP Đầu tư và Xây dựng Bình Dương ACC,160,40,1133,40,1133,1133,514
NBB,CTCP Đầu tư Năm Bảy Bảy,154,40,1133,40,1133,1133,611
KHG,CTCP Tập đoàn Khải Hoàn Land,175,40,1128,40,1128,1128,412
LGC,CTCP Đầu tư Cầu đường CII,174,40,1125,40,1125,1125,318
CCC,CTCP Xây dựng CDC,72,40,1116,40,1116,1116,583
LHG,CTCP Long Hậu,390,40,1105,40,1105,1105,569
IJC,CTCP Phát triển Hạ tầng Kỹ thuật,192,40,1069,40,1069,1069,363
HDC,CTCP Phát triển Nhà Bà Rịa - Vũng Tàu,192,40,1066,40,1066,1066,487
ITC,CTCP Đầu tư và Kinh doanh Nhà,377,40,1052,40,1052,1052,595
LM8,CTCP Lilama 18,64,40,1052,40,1052,1052,497
NLG,CTCP Đầu tư Nam Long,90,40,1049,40,1049,1049,530
HTN,CTCP Hưng Thịnh Incons,156,40,1034,40,1034,1034,269
NVL,CTCP Tập đoàn Đầu tư Địa ốc No Va,3564,40,1023,40,1023,1023,488
LDG,CTCP Đầu tư LDG,278,40,1016,40,1016,1016,225
DC4,CTCP DICERA Holdings,246,40,1006,40,1006,1006,200
DRH,CTCP DRH Holdings,112,40,998,40,998,998,286
L10,CTCP Lilama 10,68,40,996,40,996,996,511
HMC,CTCP Kim khí Thành phố Hồ Chí Minh - VNSTEEL,34,31,994,31,994,994,305
FIR,CTCP Địa ốc First Real,69,40,994,40,994,994,304
FCN,CTCP FECON,122,40,982,40,982,982,268
VIC,Tập đoàn VINGROUP - CTCP,4361,40,977,40,977,977,226
TCD,CTCP Tập đoàn Xây dựng TRACODI,260,40,970,40,970,970,334
CTD,CTCP Xây dựng Coteccons,157,40,899,40,899,899,415
PTL,CTCP Victory Group,223,40,861,40,861,861,415
VGC,Tổng Công ty Viglacera - CTCP,524,40,856,40,856,856,225
VPI,CTCP Phát triển Bất động sản Văn Phú,100,40,842,40,842,842,362
HTI,CTCP Đầu tư Phát triển Hạ tầng IDICO,96,40,823,40,823,823,311
VRE,CTCP Vincom Retail,165,40,817,40,817,817,146
BCM,Tập đoàn Đầu tư và Phát triển Công nghiệp Becamex - CTCP,261,40,799,40,799,799,306
TTF,CTCP Tập đoàn Kỹ nghệ gỗ Trường Thành,138,40,791,40,791,791,316
SZC,CTCP Sonadezi Châu Đức,144,40,789,40,789,789,171
SZL,CTCP Sonadezi Long Thành,133,40,772,40,772,772,174
HU1,CTCP Đầu tư và Xây dựng HUD1,75,34,737,34,737,737,154
